Workbook

Sheet 마진 요약
A1: 견적 제출 시 마진 정리 [내부용 — 외부 공유 금지]
A2: 견적가 = 테크로스 제출 단가 (타겟 프라이스) · 매입가 = Schneider 협의 할인율 기준 ('매입 구성' 시트) · VAT 별도
A4: ① DC24V로 납품 (권장)
A5: 프로젝트 | B5: 전원 | C5: 연간 수량 | D5: 견적가 (1대) | E5: 매입가 (1대) | F5: 마진 (1대) | G5: 마진율 | H5: 연간 매출 | I5: 연간 매입 | J5: 연간 마진
A6: TSU | B6: DC24V | C6: 200 | D6: 494000 | E6: ='매입 구성'!H6 -> 349200 | F6: =D6-E6 -> 144800 | G6: =IFERROR(F6/D6,0) -> 0.29311741 | H6: =C6*D6 -> 98800000 | I6: =C6*E6 -> 69840000 | J6: =C6*F6 -> 28960000
A7: ANU | B7: DC24V | C7: 300 | D7: 646000 | E7: ='매입 구성'!H12 -> 371200 | F7: =D7-E7 -> 274800 | G7: =IFERROR(F7/D7,0) -> 0.425387 | H7: =C7*D7 -> 193800000 | I7: =C7*E7 -> 111360000 | J7: =C7*F7 -> 82440000
A8: ANU-S | B8: DC24V | C8: 50 | D8: 646000 | E8: ='매입 구성'!H19 -> 470300 | F8: =D8-E8 -> 175700 | G8: =IFERROR(F8/D8,0) -> 0.27198142 | H8: =C8*D8 -> 32300000 | I8: =C8*E8 -> 23515000 | J8: =C8*F8 -> 8785000
A9: MCC | B9: DC24V | C9: 100 | D9: 1170000 | E9: ='매입 구성'!H32 -> 1226900 | F9: =D9-E9 -> -56900 | G9: =IFERROR(F9/D9,0) -> -0.048632479 | H9: =C9*D9 -> 117000000 | I9: =C9*E9 -> 122690000 | J9: =C9*F9 -> -5690000
A10: 합계 | G10: =IFERROR(J10/H10,0) -> 0.25909708 | H10: =SUM(H6:H9) -> 441900000 | I10: =SUM(I6:I9) -> 327405000 | J10: =SUM(J6:J9) -> 114495000
A12: ② AC220V로 납품 (MCC는 DC24V)
A13: 프로젝트 | B13: 전원 | C13: 연간 수량 | D13: 견적가 (1대) | E13: 매입가 (1대) | F13: 마진 (1대) | G13: 마진율 | H13: 연간 매출 | I13: 연간 매입 | J13: 연간 마진
A14: TSU | B14: AC220V | C14: 200 | D14: 494000 | E14: ='매입 구성'!H9 -> 342000 | F14: =D14-E14 -> 152000 | G14: =IFERROR(F14/D14,0) -> 0.30769231 | H14: =C14*D14 -> 98800000 | I14: =C14*E14 -> 68400000 | J14: =C14*F14 -> 30400000
A15: ANU | B15: AC220V | C15: 300 | D15: 646000 | E15: ='매입 구성'!H15 -> 361200 | F15: =D15-E15 -> 284800 | G15: =IFERROR(F15/D15,0) -> 0.44086687 | H15: =C15*D15 -> 193800000 | I15: =C15*E15 -> 108360000 | J15: =C15*F15 -> 85440000
A16: ANU-S | B16: AC220V | C16: 50 | D16: 646000 | E16: ='매입 구성'!H23 -> 463100 | F16: =D16-E16 -> 182900 | G16: =IFERROR(F16/D16,0) -> 0.28312693 | H16: =C16*D16 -> 32300000 | I16: =C16*E16 -> 23155000 | J16: =C16*F16 -> 9145000
A17: MCC | B17: DC24V | C17: 100 | D17: =D9 -> 1170000 | E17: ='매입 구성'!H32 -> 1226900 | F17: =D17-E17 -> -56900 | G17: =IFERROR(F17/D17,0) -> -0.048632479 | H17: =C17*D17 -> 117000000 | I17: =C17*E17 -> 122690000 | J17: =C17*F17 -> -5690000
A18: 합계 | G18: =IFERROR(J18/H18,0) -> 0.26995927 | H18: =SUM(H14:H17) -> 441900000 | I18: =SUM(I14:I17) -> 322605000 | J18: =SUM(J14:J17) -> 119295000
A20: ="▶ DC24V로 견적 제출 시: 연간 "&TEXT(J10,"#,##0")&"원 남습니다 (마진율 "&TEXT(G10,"0.0%")&")" -> ▶ DC24V로 견적 제출 시: 연간 114,495,000원 남습니다 (마진율 25.9%)
A21: ="▶ AC220V로 견적 제출 시: 연간 "&TEXT(J18,"#,##0")&"원 남습니다 (마진율 "&TEXT(G18,"0.0%")&")" -> ▶ AC220V로 견적 제출 시: 연간 119,295,000원 남습니다 (마진율 27.0%)
A22: =IF(F9<0,"▶ MCC는 1대 "&TEXT(F9,"#,##0")&"원 ("&TEXT(G9,"0.0%")&"), 연 "&TEXT(J9,"#,##0")&"원 손실 — TSU · ANU · ANU-S 마진으로 흡수","▶ MCC 마진: 1대 "&TEXT(F9,"#,##0")&"원") -> ▶ MCC는 1대 -56,900원 (-4.9%), 연 -5,690,000원 손실 — TSU · ANU · ANU-S 마진으로 흡수

Sheet 품목별 견적단가
A1: 품목별 견적 단가 배분 [내부용]
A2: 규칙: ① 같은 모델은 전 프로젝트 동일 단가 ② TSU·ANU CPU = 프로젝트 타겟 ③ TM3AQ2 = ANU-S 타겟 − TSU 타겟 ④ MCC 모듈 = 매입가 × (MCC 타겟 ÷ MCC 매입 합계), 100원 반올림 ⑤ MCC CPU = 나머지
A4: 프로젝트 타겟 | B4: TSU | C4: ANU | D4: ANU-S | E4: MCC
A5: 1대 견적가 | B5: 494000 | C5: 646000 | D5: 646000 | E5: 1170000
A7: 모델 | B7: 사용 | C7: 수량 (MCC) | D7: 리스트가 | E7: 매입가 | F7: 견적 단가 | G7: 단가 마진 | H7: 마진율 | I7: 배분 방식
A8: TM241C24T | B8: TSU·ANU-S | D8: 873000 | E8: =ROUND(D8*0.4,0) -> 349200 | F8: =$B$5 -> 494000 | G8: =F8-E8 -> 144800 | H8: =IFERROR(G8/F8,0) -> 0.29311741 | I8: TSU 타겟
A9: TM241C24R | B9: TSU·ANU-S | D9: 855000 | E9: =ROUND(D9*0.4,0) -> 342000 | F9: =$B$5 -> 494000 | G9: =F9-E9 -> 152000 | H9: =IFERROR(G9/F9,0) -> 0.30769231 | I9: TSU 타겟
A10: TM241C40T | B10: ANU | D10: 928000 | E10: =ROUND(D10*0.4,0) -> 371200 | F10: =$C$5 -> 646000 | G10: =F10-E10 -> 274800 | H10: =IFERROR(G10/F10,0) -> 0.425387 | I10: ANU 타겟
A11: TM241C40R | B11: ANU | D11: 903000 | E11: =ROUND(D11*0.4,0) -> 361200 | F11: =$C$5 -> 646000 | G11: =F11-E11 -> 284800 | H11: =IFERROR(G11/F11,0) -> 0.44086687 | I11: ANU 타겟
A12: TM3AQ2 | B12: ANU-S | D12: 346000 | E12: =ROUND(D12*0.35,0) -> 121100 | F12: =$D$5-$B$5 -> 152000 | G12: =F12-E12 -> 30900 | H12: =IFERROR(G12/F12,0) -> 0.20328947 | I12: ANU-S 타겟 − TSU 타겟
A13: TM241CE40T | B13: MCC | C13: 1 | D13: 920000 | E13: =ROUND(D13*0.4,0) -> 368000 | F13: =$E$5-SUMPRODUCT($C$14:$C$19,$F$14:$F$19) -> 350800 | G13: =F13-E13 -> -17200 | H13: =IFERROR(G13/F13,0) -> -0.049030787 | I13: MCC 타겟 − 나머지 모듈 (끝수 조정)
A14: TM3DI16 | B14: MCC | C14: 5 | D14: 228000 | E14: =ROUND(D14*0.35,0) -> 79800 | F14: =ROUND(E14*($E$5/SUMPRODUCT($C$13:$C$19,$E$13:$E$19)),-2) -> 76100 | G14: =F14-E14 -> -3700 | H14: =IFERROR(G14/F14,0) -> -0.048620237 | I14: 매입가 비율 배분
A15: TM3DQ16T | B15: MCC | C15: 2 | D15: 227000 | E15: =ROUND(D15*0.35,0) -> 79450 | F15: =ROUND(E15*($E$5/SUMPRODUCT($C$13:$C$19,$E$13:$E$19)),-2) -> 75800 | G15: =F15-E15 -> -3650 | H15: =IFERROR(G15/F15,0) -> -0.048153034 | I15: 매입가 비율 배분
A16: TM3DQ8T | B16: MCC | C16: 1 | D16: 168000 | E16: =ROUND(D16*0.35,0) -> 58800 | F16: =ROUND(E16*($E$5/SUMPRODUCT($C$13:$C$19,$E$13:$E$19)),-2) -> 56100 | G16: =F16-E16 -> -2700 | H16: =IFERROR(G16/F16,0) -> -0.048128342 | I16: 매입가 비율 배분
A17: TM3AQ4 | B17: MCC | C17: 1 | D17: 351000 | E17: =ROUND(D17*0.35,0) -> 122850 | F17: =ROUND(E17*($E$5/SUMPRODUCT($C$13:$C$19,$E$13:$E$19)),-2) -> 117200 | G17: =F17-E17 -> -5650 | H17: =IFERROR(G17/F17,0) -> -0.048208191 | I17: 매입가 비율 배분
A18: TM3XTRA1 | B18: MCC | C18: 1 | D18: 156000 | E18: =ROUND(D18*0.35,0) -> 54600 | F18: =ROUND(E18*($E$5/SUMPRODUCT($C$13:$C$19,$E$13:$E$19)),-2) -> 52100 | G18: =F18-E18 -> -2500 | H18: =IFERROR(G18/F18,0) -> -0.047984645 | I18: 매입가 비율 배분
A19: TM3XREC1 | B19: MCC | C19: 1 | D19: 185000 | E19: =ROUND(D19*0.35,0) -> 64750 | F19: =ROUND(E19*($E$5/SUMPRODUCT($C$13:$C$19,$E$13:$E$19)),-2) -> 61700 | G19: =F19-E19 -> -3050 | H19: =IFERROR(G19/F19,0) -> -0.049432739 | I19: 매입가 비율 배분
A21: 검증 (1대 합계 = 타겟)
A22: TSU DC | B22: =F8 -> 494000 | D22: =IF(F8=$B$5,"일치","불일치") -> 일치
A23: ANU DC | B23: =F10 -> 646000 | D23: =IF(F10=$C$5,"일치","불일치") -> 일치
A24: ANU-S DC | B24: =F8+F12 -> 646000 | D24: =IF(F8+F12=$D$5,"일치","불일치") -> 일치
A25: ANU-S AC | B25: =F9+F12 -> 646000 | D25: =IF(F9+F12=$D$5,"일치","불일치") -> 일치
A26: MCC | B26: =SUMPRODUCT(C13:C19,F13:F19) -> 1170000 | D26: =IF(SUMPRODUCT(C13:C19,F13:F19)=$E$5,"일치","불일치") -> 일치
A28: ※ 견적서에 품목 단가가 모두 보이므로, 같은 견적서 안에서 비교됩니다: MCC CPU(TM241CE40T, 이더넷 포함)가 ANU CPU(TM241C40T)보다 싸게,
A29: MCC 아날로그 출력 4CH(TM3AQ4)가 ANU-S의 2CH(TM3AQ2)보다 싸게 보입니다. MCC 타겟(1,170,000)이 다른 프로젝트보다 낮게 잡혀 생기는 현상입니다.

Sheet 매입 구성
A1: 매입 구성 (Schneider 협의 할인율: CPU 0.40 / 확장 모듈 0.35)
A2: 파란 글씨 = 입력값 (리스트가 · 할인율 · 수량). 할인율이 바뀌면 여기만 고치면 됩니다.
A4: 프로젝트 | B4: 전원 | C4: 모델 | D4: 수량 | E4: 리스트가 | F4: 할인율 | G4: 매입 단가 | H4: 매입 금액
A5: TSU | B5: DC24V | C5: TM241C24T | D5: 1 | E5: 873000 | F5: 0.4 | G5: =ROUND(E5*F5,0) -> 349200 | H5: =D5*G5 -> 349200
A6: TSU DC24V 1대 매입가 | H6: =SUM(H5:H5) -> 349200
A8: TSU | B8: AC220V | C8: TM241C24R | D8: 1 | E8: 855000 | F8: 0.4 | G8: =ROUND(E8*F8,0) -> 342000 | H8: =D8*G8 -> 342000
A9: TSU AC220V 1대 매입가 | H9: =SUM(H8:H8) -> 342000
A11: ANU | B11: DC24V | C11: TM241C40T | D11: 1 | E11: 928000 | F11: 0.4 | G11: =ROUND(E11*F11,0) -> 371200 | H11: =D11*G11 -> 371200
A12: ANU DC24V 1대 매입가 | H12: =SUM(H11:H11) -> 371200
A14: ANU | B14: AC220V | C14: TM241C40R | D14: 1 | E14: 903000 | F14: 0.4 | G14: =ROUND(E14*F14,0) -> 361200 | H14: =D14*G14 -> 361200
A15: ANU AC220V 1대 매입가 | H15: =SUM(H14:H14) -> 361200
A17: ANU-S | B17: DC24V | C17: TM241C24T | D17: 1 | E17: 873000 | F17: 0.4 | G17: =ROUND(E17*F17,0) -> 349200 | H17: =D17*G17 -> 349200
A18: ANU-S | B18: DC24V | C18: TM3AQ2 | D18: 1 | E18: 346000 | F18: 0.35 | G18: =ROUND(E18*F18,0) -> 121100 | H18: =D18*G18 -> 121100
A19: ANU-S DC24V 1대 매입가 | H19: =SUM(H17:H18) -> 470300
A21: ANU-S | B21: AC220V | C21: TM241C24R | D21: 1 | E21: 855000 | F21: 0.4 | G21: =ROUND(E21*F21,0) -> 342000 | H21: =D21*G21 -> 342000
A22: ANU-S | B22: AC220V | C22: TM3AQ2 | D22: 1 | E22: 346000 | F22: 0.35 | G22: =ROUND(E22*F22,0) -> 121100 | H22: =D22*G22 -> 121100
A23: ANU-S AC220V 1대 매입가 | H23: =SUM(H21:H22) -> 463100
A25: MCC | B25: DC24V | C25: TM241CE40T | D25: 1 | E25: 920000 | F25: 0.4 | G25: =ROUND(E25*F25,0) -> 368000 | H25: =D25*G25 -> 368000
A26: MCC | B26: DC24V | C26: TM3DI16 | D26: 5 | E26: 228000 | F26: 0.35 | G26: =ROUND(E26*F26,0) -> 79800 | H26: =D26*G26 -> 399000
A27: MCC | B27: DC24V | C27: TM3DQ16T | D27: 2 | E27: 227000 | F27: 0.35 | G27: =ROUND(E27*F27,0) -> 79450 | H27: =D27*G27 -> 158900
A28: MCC | B28: DC24V | C28: TM3DQ8T | D28: 1 | E28: 168000 | F28: 0.35 | G28: =ROUND(E28*F28,0) -> 58800 | H28: =D28*G28 -> 58800
A29: MCC | B29: DC24V | C29: TM3AQ4 | D29: 1 | E29: 351000 | F29: 0.35 | G29: =ROUND(E29*F29,0) -> 122850 | H29: =D29*G29 -> 122850
A30: MCC | B30: DC24V | C30: TM3XTRA1 | D30: 1 | E30: 156000 | F30: 0.35 | G30: =ROUND(E30*F30,0) -> 54600 | H30: =D30*G30 -> 54600
A31: MCC | B31: DC24V | C31: TM3XREC1 | D31: 1 | E31: 185000 | F31: 0.35 | G31: =ROUND(E31*F31,0) -> 64750 | H31: =D31*G31 -> 64750
A32: MCC DC24V 1대 매입가 | H32: =SUM(H25:H31) -> 1226900
