Workbook

Sheet 마진 요약
A1: 견적 제출 시 마진 정리 [내부용 — 외부 공유 금지] — MCC 32점안
A2: 견적가 = 테크로스 제출 단가 (타겟 프라이스) · 매입가 = Schneider 협의 할인율 기준 ('매입 구성' 시트) · VAT 별도
A4: ① DC24V로 납품 (권장)
A5: 프로젝트 | B5: 전원 | C5: 연간 수량 | D5: 견적가 (1대) | E5: 매입가 (1대) | F5: 마진 (1대) | G5: 마진율 | H5: 연간 매출 | I5: 연간 매입 | J5: 연간 마진 | L5: LS 타겟 | M5: LS매출 | N5: LS 대비
A6: TSU | B6: DC24V | C6: 200 | D6: 440000 | E6: ='매입 구성'!H6 -> 349200 | F6: =D6-E6 -> 90800 | G6: =IFERROR(F6/D6,0) -> 0.20636364 | H6: =C6*D6 -> 88000000 | I6: =C6*E6 -> 69840000 | J6: =C6*F6 -> 18160000 | L6: 520000 | M6: =L6*C6 -> 104000000 | N6: =D6/L6 -> 0.84615385
A7: ANU | B7: DC24V | C7: 300 | D7: 570000 | E7: ='매입 구성'!H12 -> 371200 | F7: =D7-E7 -> 198800 | G7: =IFERROR(F7/D7,0) -> 0.34877193 | H7: =C7*D7 -> 171000000 | I7: =C7*E7 -> 111360000 | J7: =C7*F7 -> 59640000 | L7: 680000 | M7: =L7*C7 -> 204000000 | N7: =D7/L7 -> 0.83823529
A8: ANU-S | B8: DC24V | C8: 50 | D8: 580000 | E8: ='매입 구성'!H19 -> 470300 | F8: =D8-E8 -> 109700 | G8: =IFERROR(F8/D8,0) -> 0.18913793 | H8: =C8*D8 -> 29000000 | I8: =C8*E8 -> 23515000 | J8: =C8*F8 -> 5485000 | L8: 680000 | M8: =L8*C8 -> 34000000 | N8: =D8/L8 -> 0.85294118
A9: MCC | B9: DC24V | C9: 100 | D9: 1450000 | E9: ='매입 구성'!H32 -> 1095835 | F9: =D9-E9 -> 354165 | G9: =IFERROR(F9/D9,0) -> 0.24425172 | H9: =C9*D9 -> 145000000 | I9: =C9*E9 -> 109583500 | J9: =C9*F9 -> 35416500 | L9: 1170000 | M9: =L9*C9 -> 117000000 | N9: =D9/L9 -> 1.2393162
A10: 합계 | G10: =IFERROR(J10/H10,0) -> 0.27413741 | H10: =SUM(H6:H9) -> 433000000 | I10: =SUM(I6:I9) -> 314298500 | J10: =SUM(J6:J9) -> 118701500 | M10: =SUM(M6:M9) -> 459000000 | N10: =H10/M10 -> 0.94335512
A12: ② AC220V로 납품 (MCC는 DC24V)
A13: 프로젝트 | B13: 전원 | C13: 연간 수량 | D13: 견적가 (1대) | E13: 매입가 (1대) | F13: 마진 (1대) | G13: 마진율 | H13: 연간 매출 | I13: 연간 매입 | J13: 연간 마진 | L13: LS
A14: TSU | B14: AC220V | C14: 200 | D14: 440000 | E14: ='매입 구성'!H9 -> 342000 | F14: =D14-E14 -> 98000 | G14: =IFERROR(F14/D14,0) -> 0.22272727 | H14: =C14*D14 -> 88000000 | I14: =C14*E14 -> 68400000 | J14: =C14*F14 -> 19600000 | L14: 520000
A15: ANU | B15: AC220V | C15: 300 | D15: 570000 | E15: ='매입 구성'!H15 -> 361200 | F15: =D15-E15 -> 208800 | G15: =IFERROR(F15/D15,0) -> 0.36631579 | H15: =C15*D15 -> 171000000 | I15: =C15*E15 -> 108360000 | J15: =C15*F15 -> 62640000 | L15: 680000
A16: ANU-S | B16: AC220V | C16: 50 | D16: 580000 | E16: ='매입 구성'!H23 -> 463100 | F16: =D16-E16 -> 116900 | G16: =IFERROR(F16/D16,0) -> 0.20155172 | H16: =C16*D16 -> 29000000 | I16: =C16*E16 -> 23155000 | J16: =C16*F16 -> 5845000 | L16: 680000
A17: MCC | B17: DC24V | C17: 100 | D17: =D9 -> 1450000 | E17: ='매입 구성'!H32 -> 1095835 | F17: =D17-E17 -> 354165 | G17: =IFERROR(F17/D17,0) -> 0.24425172 | H17: =C17*D17 -> 145000000 | I17: =C17*E17 -> 109583500 | J17: =C17*F17 -> 35416500 | L17: 1170000
A18: 합계 | G18: =IFERROR(J18/H18,0) -> 0.28522286 | H18: =SUM(H14:H17) -> 433000000 | I18: =SUM(I14:I17) -> 309498500 | J18: =SUM(J14:J17) -> 123501500
A20: ="▶ DC24V로 견적 제출 시: 연간 "&TEXT(J10,"#,##0")&"원 남습니다 (마진율 "&TEXT(G10,"0.0%")&")" -> ▶ DC24V로 견적 제출 시: 연간 118,701,500원 남습니다 (마진율 27.4%)
A21: ="▶ AC220V로 견적 제출 시: 연간 "&TEXT(J18,"#,##0")&"원 남습니다 (마진율 "&TEXT(G18,"0.0%")&")" -> ▶ AC220V로 견적 제출 시: 연간 123,501,500원 남습니다 (마진율 28.5%)
A22: =IF(F9<0,"▶ MCC는 1대 "&TEXT(F9,"#,##0")&"원 ("&TEXT(G9,"0.0%")&"), 연 "&TEXT(J9,"#,##0")&"원 손실 — TSU · ANU · ANU-S 마진으로 흡수","▶ MCC 마진: 1대 "&TEXT(F9,"#,##0")&"원") -> ▶ MCC 마진: 1대 354,165원
A23: ="▶ 16점 제출안 대비 (MCC 매입 1,226,900원): MCC 매입가 1대 "&TEXT(1226900-E9,"#,##0")&"원 절감 → 연 "&TEXT((1226900-E9)*C9,"#,##0")&"원 마진 증가" -> ▶ 16점 제출안 대비 (MCC 매입 1,226,900원): MCC 매입가 1대 131,065원 절감 → 연 13,106,500원 마진 증가
A24: ※ 32점 모듈 · 케이블 매입가는 가정값 ('매입 구성' 시트 노란 칸) — 슈나이더 단가 확인 후 확정

Sheet 매입 구성
A1: 매입 구성 (Schneider 협의 할인율: CPU 0.40 / 확장 모듈 0.35) — MCC 32점안
A2: 파란 글씨 = 입력값 (리스트가 · 할인율 · 수량). 할인율이 바뀌면 여기만 고치면 됩니다.
A4: 프로젝트 | B4: 전원 | C4: 모델 | D4: 수량 | E4: 리스트가 | F4: 할인율 | G4: 매입 단가 | H4: 매입 금액 | I4: 견적가
A5: TSU | B5: DC24V | C5: TM241C24T | D5: 1 | E5: 873000 | F5: 0.4 | G5: =ROUND(E5*F5,0) -> 349200 | H5: =D5*G5 -> 349200
A6: TSU DC24V 1대 매입가 | H6: =SUM(H5:H5) -> 349200 | I6: 440000
A8: TSU | B8: AC220V | C8: TM241C24R | D8: 1 | E8: 855000 | F8: 0.4 | G8: =ROUND(E8*F8,0) -> 342000 | H8: =D8*G8 -> 342000
A9: TSU AC220V 1대 매입가 | H9: =SUM(H8:H8) -> 342000 | I9: 440000
A11: ANU | B11: DC24V | C11: TM241C40T | D11: 1 | E11: 928000 | F11: 0.4 | G11: =ROUND(E11*F11,0) -> 371200 | H11: =D11*G11 -> 371200
A12: ANU DC24V 1대 매입가 | H12: =SUM(H11:H11) -> 371200 | I12: 570000
A14: ANU | B14: AC220V | C14: TM241C40R | D14: 1 | E14: 903000 | F14: 0.4 | G14: =ROUND(E14*F14,0) -> 361200 | H14: =D14*G14 -> 361200
A15: ANU AC220V 1대 매입가 | H15: =SUM(H14:H14) -> 361200 | I15: 570000
A17: ANU-S | B17: DC24V | C17: TM241C24T | D17: 1 | E17: 873000 | F17: 0.4 | G17: =ROUND(E17*F17,0) -> 349200 | H17: =D17*G17 -> 349200
A18: ANU-S | B18: DC24V | C18: TM3AQ2 | D18: 1 | E18: 346000 | F18: 0.35 | G18: =ROUND(E18*F18,0) -> 121100 | H18: =D18*G18 -> 121100
A19: ANU-S DC24V 1대 매입가 | H19: =SUM(H17:H18) -> 470300 | I19: 580000
A21: ANU-S | B21: AC220V | C21: TM241C24R | D21: 1 | E21: 855000 | F21: 0.4 | G21: =ROUND(E21*F21,0) -> 342000 | H21: =D21*G21 -> 342000
A22: ANU-S | B22: AC220V | C22: TM3AQ2 | D22: 1 | E22: 346000 | F22: 0.35 | G22: =ROUND(E22*F22,0) -> 121100 | H22: =D22*G22 -> 121100
A23: ANU-S AC220V 1대 매입가 | H23: =SUM(H21:H22) -> 463100 | I23: 580000
A25: MCC | B25: DC24V | C25: TM241CE40T | D25: 1 | E25: 920000 | F25: 0.4 | G25: =ROUND(E25*F25,0) -> 368000 | H25: =D25*G25 -> 368000
A26: MCC | B26: DC24V | C26: TM3DI32K | D26: 2 | E26: 387600 | F26: 0.35 | G26: =ROUND(E26*F26,0) -> 135660 | H26: =D26*G26 -> 271320
A27: MCC | B27: DC24V | C27: TM3DI16 | D27: 1 | E27: 228000 | F27: 0.35 | G27: =ROUND(E27*F27,0) -> 79800 | H27: =D27*G27 -> 79800
A28: MCC | B28: DC24V | C28: TM3DQ32TK | D28: 1 | E28: 385900 | F28: 0.35 | G28: =ROUND(E28*F28,0) -> 135065 | H28: =D28*G28 -> 135065
A29: MCC | B29: DC24V | C29: TM3DQ8T | D29: 1 | E29: 168000 | F29: 0.35 | G29: =ROUND(E29*F29,0) -> 58800 | H29: =D29*G29 -> 58800
A30: MCC | B30: DC24V | C30: TM3AQ4 | D30: 1 | E30: 351000 | F30: 0.35 | G30: =ROUND(E30*F30,0) -> 122850 | H30: =D30*G30 -> 122850
A31: MCC | B31: DC24V | C31: HE10 케이블 | D31: 6 | E31: 10000 | F31: 1 | G31: =ROUND(E31*F31,0) -> 10000 | H31: =D31*G31 -> 60000
A32: MCC DC24V 1대 매입가 | H32: =SUM(H25:H31) -> 1095835 | I32: 1450000
A33: ※ MCC 32점안: 노란 칸(TM3DI32K · TM3DQ32TK · HE10 케이블)은 가정값입니다. 슈나이더 단가를 받으면 리스트가(케이블은 매입가)만 바꾸면 됩니다.
